Image Name,Category
957.jpg,cats
943.jpg,cats
942.jpg,cats
956.jpg,cats
940.jpg,cats
954.jpg,cats
997.jpg,cats
955.jpg,cats
941.jpg,cats
945.jpg,cats
951.jpg,cats
950.jpg,cats
944.jpg,cats
99.jpg,cats
952.jpg,cats
946.jpg,cats
947.jpg,cats
953.jpg,cats
98.jpg,cats
9988.jpg,dogs
9977.jpg,dogs
9976.jpg,dogs
9989.jpg,dogs
9974.jpg,dogs
9975.jpg,dogs
9971.jpg,dogs
9970.jpg,dogs
9972.jpg,dogs
9973.jpg,dogs
9981.jpg,dogs
9980.jpg,dogs
9982.jpg,dogs
9969.jpg,dogs
9968.jpg,dogs
9983.jpg,dogs
9987.jpg,dogs
9978.jpg,dogs
9979.jpg,dogs
9986.jpg,dogs
9990.jpg,dogs
9984.jpg,dogs
938.jpg,cats
939.jpg,cats
9985.jpg,dogs
95.jpg,cats
962.jpg,cats
94.jpg,cats
96.jpg,cats
961.jpg,cats
949.jpg,cats
948.jpg,cats
960.jpg,cats
97.jpg,cats
958.jpg,cats
959.jpg,cats
998.jpg,dogs
999.jpg,dogs
